MacBook Pro M2 Pro 14" 16GB RAM 512GB SSD,R$ 14.999
PC Gamer RTX 4070 Ti / Ryzen 7 7700X,R$ 12.500
Apple Gamer Desktop 9 64GB 2TB SSD,R$ 4.634
Asus Notebook 5 32GB 512GB SSD,R$ 10.453
Samsung Desktop 9 16GB 2TB SSD,R$ 11.660
MSI Desktop 9 32GB 2TB SSD,R$ 3.620
LG Desktop i9-12900K 8GB 256GB SSD,R$ 9.385
Acer Notebook i7-13700K 8GB 256GB SSD,R$ 4.152
LG Notebook undefined 8GB 1TB SSD,R$ 10.780
MSI Notebook i7-13700K 64GB 256GB SSD,R$ 5.197
Apple Desktop 5 16GB 256GB SSD,R$ 8.947
Apple Notebook 5 16GB 4TB SSD,R$ 3.319
Lenovo Desktop i7-13700K 16GB 1TB SSD,R$ 2.812
HP Gamer Desktop i5-13600K 8GB 2TB SSD,R$ 4.478
Samsung Notebook Pro 32GB 4TB SSD,R$ 3.352
Asus Desktop i9-13900K 8GB 4TB SSD,R$ 6.314
MSI Notebook 5 32GB 1TB SSD,R$ 9.789
Gigabyte Gamer Notebook 5 32GB 1TB SSD,R$ 5.211
iMac M1 24" 8GB RAM 256GB SSD Azul,R$ 9.999
Lenovo Gamer Notebook i7-13700K 64GB 512GB SSD,R$ 8.072
Apple Desktop 7 32GB 256GB SSD,R$ 9.586
LG Gamer Desktop 7 8GB 512GB SSD,R$ 7.934
Asus Notebook 9 32GB 2TB SSD,R$ 3.253
HP Notebook 7 32GB 1TB SSD,R$ 9.105
Apple Gamer Desktop Pro 32GB 512GB SSD,R$ 11.904
Samsung Notebook i7-13700K 64GB 2TB SSD,R$ 7.232
Lenovo Notebook 5 64GB 256GB SSD,R$ 4.953
MSI Gamer Notebook i7-13700K 16GB 2TB SSD,R$ 9.231
Gigabyte Gamer Notebook 9 32GB 2TB SSD,R$ 9.087
HP Gamer Desktop i7-13700K 64GB 2TB SSD,R$ 11.943
LG Notebook Pro 16GB 1TB SSD,R$ 7.523
Apple Gamer Desktop Pro 64GB 512GB SSD,R$ 6.038
Apple Gamer Notebook 7 8GB 4TB SSD,R$ 7.008
HP Notebook i7-13700K 16GB 512GB SSD,R$ 7.218
Acer Gamer Desktop i5-13600K 8GB 512GB SSD,R$ 7.728
Gigabyte Notebook i9-13900K 64GB 2TB SSD,R$ 8.140
Asus Desktop i5-13600K 64GB 2TB SSD,R$ 7.385
Samsung Notebook undefined 64GB 4TB SSD,R$ 9.592
Dell Gamer Notebook 5 8GB 4TB SSD,R$ 7.837
Dell Desktop 9 8GB 256GB SSD,R$ 3.746
Apple Notebook 9 32GB 256GB SSD,R$ 8.952
Asus Gamer Desktop i9-12900K 32GB 512GB SSD,R$ 3.493
Asus Gamer Desktop Pro 32GB 256GB SSD,R$ 10.705
HP Gamer Desktop 5 32GB 1TB SSD,R$ 12.398
Apple Gamer Desktop i7-13700K 8GB 4TB SSD,R$ 6.559
MSI Desktop 9 32GB 1TB SSD,R$ 4.414
Gigabyte Desktop 9 64GB 1TB SSD,R$ 7.993
Acer Gamer Notebook 7 16GB 2TB SSD,R$ 5.556
Asus Desktop 5 32GB 2TB SSD,R$ 5.640
Asus Gamer Desktop undefined 64GB 2TB SSD,R$ 11.758
Lenovo Gamer Desktop i9-12900K 64GB 1TB SSD,R$ 6.295
MSI Notebook i5-13600K 32GB 512GB SSD,R$ 3.406
LG Notebook 5 32GB 1TB SSD,R$ 9.135
Apple Notebook i9-13900K 32GB 1TB SSD,R$ 3.389
HP Notebook 7 32GB 1TB SSD,R$ 7.762
Apple Desktop 9 16GB 2TB SSD,R$ 12.277
MSI Notebook 9 32GB 512GB SSD,R$ 5.535
Asus Gamer Desktop 9 8GB 2TB SSD,R$ 11.138
LG Notebook Pro 64GB 512GB SSD,R$ 6.786
Asus Notebook i9-13900K 32GB 1TB SSD,R$ 3.282
MSI Gamer Desktop i5-13600K 8GB 256GB SSD,R$ 8.288
Asus Notebook i7-13700K 32GB 2TB SSD,R$ 5.766
HP Notebook i9-13900K 64GB 1TB SSD,R$ 8.601
Asus Notebook 9 64GB 512GB SSD,R$ 7.176
LG Notebook Pro 16GB 2TB SSD,R$ 9.823
Acer Desktop Pro 64GB 512GB SSD,R$ 8.317
Gigabyte Desktop Pro 16GB 512GB SSD,R$ 6.488
HP Desktop Pro 32GB 1TB SSD,R$ 11.712
HP Notebook 9 16GB 2TB SSD,R$ 8.315
Acer Notebook undefined 16GB 4TB SSD,R$ 5.529
LG Notebook 9 8GB 2TB SSD,R$ 10.711
Asus Desktop 9 32GB 1TB SSD,R$ 10.582
HP Gamer Notebook i9-12900K 64GB 2TB SSD,R$ 6.527
Samsung Desktop i7-13700K 16GB 512GB SSD,R$ 3.032
Samsung Gamer Desktop i5-13600K 16GB 1TB SSD,R$ 8.214
Samsung Notebook i9-13900K 64GB 2TB SSD,R$ 8.930
Asus Desktop i7-13700K 8GB 1TB SSD,R$ 6.860
LG Gamer Notebook 9 32GB 512GB SSD,R$ 9.315
Apple Gamer Notebook i9-13900K 64GB 1TB SSD,R$ 9.321
MSI Gamer Notebook 9 32GB 512GB SSD,R$ 9.173
LG Desktop undefined 64GB 256GB SSD,R$ 5.229
Samsung Desktop i7-13700K 64GB 1TB SSD,R$ 7.093
Samsung Notebook 7 64GB 2TB SSD,R$ 5.638
Lenovo Desktop 9 32GB 2TB SSD,R$ 12.351
Samsung Gamer Notebook i7-13700K 16GB 256GB SSD,R$ 8.997
Dell Gamer Notebook i7-13700K 16GB 4TB SSD,R$ 4.241
Gigabyte Notebook undefined 8GB 2TB SSD,R$ 4.088
LG Notebook undefined 8GB 2TB SSD,R$ 6.037
Dell Desktop i9-13900K 64GB 4TB SSD,R$ 3.735
Lenovo Desktop 9 64GB 1TB SSD,R$ 7.532
LG Desktop 9 64GB 512GB SSD,R$ 3.803
Gigabyte Desktop 5 16GB 256GB SSD,R$ 6.508
Dell Notebook i5-13600K 32GB 1TB SSD,R$ 8.552
Asus Gamer Notebook 7 16GB 2TB SSD,R$ 9.098
Apple Desktop i9-13900K 16GB 256GB SSD,R$ 11.655
HP Notebook 7 8GB 256GB SSD,R$ 5.544
Lenovo Notebook undefined 32GB 4TB SSD,R$ 3.477
MSI Notebook undefined 64GB 1TB SSD,R$ 5.806
Acer Notebook Pro 8GB 4TB SSD,R$ 10.486
LG Desktop i7-13700K 64GB 512GB SSD,R$ 4.546
